[
  {
    "id": "f183be8d-fcf8-4b95-ae65-a87bd03a5aa1",
    "data": [
      {
        "text": "my favorite color is ",
        "userDefined": false
      },
      {
        "text": "green",
        "alias": "color",
        "meta": "@sys.color",
        "userDefined": false
      }
    ],
    "isTemplate": false,
    "count": 0
  },
  {
    "id": "d74cc2b3-098e-45fa-9d1d-2cb8daf4c448",
    "data": [
      {
        "text": "Pink",
        "alias": "color",
        "meta": "@sys.color",
        "userDefined": false
      }
    ],
    "isTemplate": false,
    "count": 0
  },
  {
    "id": "52f87409-7a48-476e-a7f5-88a4a80d6e2d",
    "data": [
      {
        "text": "i love ",
        "userDefined": false
      },
      {
        "text": "yellow",
        "alias": "color",
        "meta": "@sys.color",
        "userDefined": false
      }
    ],
    "isTemplate": false,
    "count": 0
  },
  {
    "id": "91d4be65-dbf9-4d64-a993-ea3e827da036",
    "data": [
      {
        "text": "black",
        "alias": "color",
        "meta": "@sys.color",
        "userDefined": false
      },
      {
        "text": " is my favorite color",
        "userDefined": false
      }
    ],
    "isTemplate": false,
    "count": 0
  },
  {
    "id": "457de0a6-0301-461f-9cb1-c59e495c807f",
    "data": [
      {
        "text": "purple",
        "alias": "color",
        "meta": "@sys.color",
        "userDefined": false
      },
      {
        "text": " is my favorite",
        "userDefined": false
      }
    ],
    "isTemplate": false,
    "count": 0
  }
]